Location,Admission Location,Antenatal Location,Antenatal Progress Location,Appointment Location,Archives Location,Check-In Location,Check-In Maternal Location,Consult Note Location,Delivery Location,Dispensing Location,ED Triage Location,Infant Program Dashboard Location,Labs Component Location,Lab Results Location,Login Location,Maternal and Child Location,Maternal Admission Location,Maternal Death Location,Maternal Discharge Location,MCH Triage Location,Medical Record Location,Mental Health Location,NCD Consult Location,Newborn Admission Note Location,Newborn Assessment Location,Newborn Daily Progress Location,Newborn Discharge Location,NICU Location,PACU Location,Postnatal Location,Pregnancy Program Dashboard Location,Program Location,Queue Location,Registration Location,Surgery Note Location,Transfer Location,Visit Location,Vitals Location,Vitals Glucose Location,Vitals Inpatient Location
KGH,,,,,,,,,,,,,,,,,,,,,,,,,,,,,,,,,,,,,,,,
KGH Triage,,,,,,,,,,,,,,,,,,,,,,,,,,,,,,,,,,,,,,,,
MCH OPD,,,,,,,,,,,,,,,,,,,,,,,,,,,,,,,,,,,,,,,,
KGH NCD,,,,,,,,,,,,,,,,,,,,,,,,,,,,,,,,,,,,,,,,
KGH Mental Health,,,,,,,,,,,,,,,,,,,,,,,,,,,,,,,,,,,,,,,,
KGH Laboratory,,,,,,,,,,,,,,,,,,,,,,,,,,,,,,,,,,,,,,,,
NCD Pharmacy,,,,,,,,,,,,,,,,,,,,,,,,,,,,,,,,,,,,,,,,
OPD Pharmacy,,,,,,,,,,,,,,,,,,,,,,,,,,,,,,,,,,,,,,,,
MCOE,,,,,,,,,,,,,,,,,,,,,,,,,,,,,,,,,,,,,,,,
MCOE Triage,,,,,,,,,,,,,,,,,,,,,,,,,,,,,,,,,,,,,,,,
Labour and Delivery,,,,,,,,,,,,,,,,,,,,,,,,,,,,,,,,,,,,,,,,
MCCU,,,,,,,,,,,,,,,,,,,,,,,,,,,,,,,,,,,,,,,,
NICU,,,,,,,,,,,,,,,,,,,,,,,,,,,,,,,,,,,,,,,,
Antenatal Ward,,,,,,,,,,,,,,,,,,,,,,,,,,,,,,,,,,,,,,,,
MCOE PACU,,,,,,,,,,,,,,,,,,,,,,,,,,,,,,,,,,,,,,,,
MCOE Pre-Op,,,,,,,,,,,,,,,,,,,,,,,,,,,,,,,,,,,,,,,,
Quiet Ward,,,,,,,,,,,,,,,,,,,,,,,,,,,,,,,,,,,,,,,,
Postnatal Ward,,,,,,,,,,,,,,,,,,,,,,,,,,,,,,,,,,,,,,,,
MCOE Inpatient Pharmacy,,,,,,,,,,,,,,,,,,,,,,,,,,,,,,,,,,,,,,,,
Maternity Pharmacy,,,,,,,,,,,,,,,,,,,,,,,,,,,,,,,,,,,,,,,,
Pediatric Pharmacy,,,,,,,,,,,,,,,,,,,,,,,,,,,,,,,,,,,,,,,,
Kangaroo Care,,,,,,,,,,,,,,,,,,,,,,,,,,,,,,,,,,,,,,,,
Mothers Dorm,,,,,,,,,,,,,,,,,,,,,,,,,,,,,,,,,,,,,,,,
MCOE Post-Op,,,,,,,,,,,,,,,,,,,,,,,,,,,,,,,,,,,,,,,,
Staff Ward,,,,,,,,,,,,,,,,,,,,,,,,,,,,,,,,,,,,,,,,
MCOE Inpatient Registration,,,,,,,,,,,,,,,,,,,,,,,,,,,,,,,,,,,,,,,,
