Question,Datatype,Possible Answers,input type,required?,skip logic?,concept for question,concepts for answers,group name (if part of concept group),concept group mapping
Main diagnosis,Coded,Cardiomyopathy | Hypertensive cardiomyopathy | Hypertensive heart disease | Rheumatic heart disease | Degenerative heart disease | Right heart failure | Pericardial disease | Arrhythmia | Thromboembolic disorder | Congenital heart disease | Other heart valve disease or congenital heart disease | Unknown heart failure without echocardiogram,checkbox,No,no,PIH:DIAGNOSIS,CIEL:5016|CIEL:168116|CIEL:117386|CIEL:113227|PIH:14836|CIEL:127376|CIEL:119092|CIEL:120148|CIEL:124800|CIEL:119956|PIH:12231|PIH:20004,Main diagnosis,PIH:Visit Diagnoses
Cardiomyopathy,Coded,Ischemic cardiomyopathy | Alcohol-related cardiomyopathy | Peripartum cardiomyopathy | Arrhythmia-induced cardiomyopathy | HIV associated with cardiomyopathy | Chemotherapy-induced cardiomyopathy | Viral cardiomyopathy | Restrictive cardiomyopathy | Cardiomyopathy due to unknown factors,checkbox,No,no,PIH:DIAGNOSIS,CIEL:139529|CIEL:142317|CIEL:113918|CIEL:113096|CIEL:163712|CIEL:168128|CIEL:168182|CIEL:169981|PIH:14753,Cardiomyopathy,PIH:Visit Diagnoses
"if other cardiomyopathy, specify:",Text,N/A,text,No,no,PIH:14754,,,
Rheumatic heart disease,Coded,Pure mitral stenosis | Pure mitral regurgitation | Mixed mitral valve disease (MS+MR) | Isolated aortic valve disease (AVD) | Mixed mitral and aortic valve disease (MMAVD) | Unspecified rheumatic heart disease | Other rheumatic heart disease,radio,No,no,PIH:DIAGNOSIS,CIEL:127437|CIEL:127438|CIEL:127436|PIH:20166|PIH:14750|PIH:20167|PIH:20168,Rheumatic heart disease,PIH:Visit Diagnoses
"if other rheumatic heart disease, specify:",Text,N/A,text,No,no,PIH:14754,,,
Degenerative valve disease,Coded,Mitral valve stenosis | Mitral valve regurgitation | Aortic valve stenosis | Aortic valve regurgitation | Mitral and aortic valve disease,radio,No,no,PIH:DIAGNOSIS,CIEL:134082|CIEL:115735|CIEL:121532|CIEL:148546|CIEL:134088,Degenerative valve disease,PIH:Visit Diagnoses
Right heart failure,Coded,Cor pulmonale | Schistosomiasis,radio,No,no,PIH:DIAGNOSIS,PIH:COR PULMONALE|CIEL:117152,Right heart failure,PIH:Visit Diagnoses
Right heart failure,Coded,Unknown,checkbox,No,no,PIH:14752,PIH:14755,,
Pericardial diseases,Coded,Tuberculosis of pericardium | HIV pericardial diseases | Malignant pericardial effusion,radio,No,no,PIH:DIAGNOSIS,CIEL:124033|CIEL:168127|CIEL:159343,Pericardial diseases,PIH:Visit Diagnoses
Arrythmia,Coded,Atrial fibrillation | Atrial flutter,radio,No,no,PIH:DIAGNOSIS,CIEL:148203|CIEL:148202,Arrythmia,PIH:Visit Diagnoses
Thromboembolic,Coded,Pulmonary embolism | Deep vein thrombosis,radio,No,no,PIH:DIAGNOSIS,CIEL:113504|CIEL:119624,Thromboembolic,PIH:Visit Diagnoses
Thromboembolic,Coded,Other,checkbox,No,no,PIH:14752,PIH:14756,,
Thromboembolic,Text,N/A,text,No,no,PIH:14756,,,
Congenital heart disease,Coded,Atrial septal defect | Ventricular septal defect | Patent ductus arteriosus | Coarctation of aorta | Tetralogy of Fallot | Unknown congenital heart disease | Other congenital heart disease,checkbox,No,no,PIH:DIAGNOSIS,CIEL:148196|CIEL:123240|CIEL:130715|CIEL:144674|CIEL:124944|PIH:20165|PIH:20164,Congenital heart disease,PIH:Visit Diagnoses
"if other congenital heart disease, specify:",Coded,N/A,radio,No,no,PIH:20164,,,
"Unknown suspected, specify:",Coded,N/A,radio,No,no,PIH:14742,,,
Clinical indicators,Coded,Dyspnea | Orthopnea | Paroxysmal nocturnal dyspnea,radio,No,no,,CIEL:122496|CIEL:131689|CIEL:130783,Clinical indicators,PIH:14733
Clinical indicators,Coded,Crackles | Pitting edema | Jugular venous distension,radio,No,no,,CIEL:127640|CIEL:130166|CIEL:136394,Clinical indicators,PIH:14733
Hf vol status,Coded,Euvolemic | Hypovolemia | Hypervolemic,radio,No,no,CIEL:159574,CIEL:159575|CIEL:117315|CIEL:138099,Clinical indicators,PIH:14724
Understands treatment,Coded,Yes | No | Unknown,radio,No,Yes → show #hf-fui-understand-details,CIEL:167914,PIH:YES|PIH:NO|PIH:UNKNOWN,,PIH:14724
Low salt adherence diet,Coded,Yes | No | Unknown,radio,No,Yes → show #hf-fui-salt-details,CIEL:168115,PIH:YES|PIH:NO|PIH:UNKNOWN,,PIH:14724
Overall treatment adherence,Coded,Yes | No | Unknown,radio,No,Yes → show #hf-fui-adher-details,CIEL:164075,PIH:YES|PIH:NO|PIH:UNKNOWN,,PIH:14724
Ability to titrate treatment,Coded,Yes | No | Unknown,radio,No,Yes → show #hf-fui-titrate-details,PIH:14741,PIH:YES|PIH:NO|PIH:UNKNOWN,,PIH:14724
Missed doses in past week,Coded,Yes | No | Unknown,radio,No,Yes → show #hf-fui-missed-details,CIEL:167819,PIH:YES|PIH:NO|PIH:UNKNOWN,,PIH:14724
# of missed doses in past week,Coded,N/A,radio,No,no,CIEL:167918,,Clinical indicators,PIH:14724
On ACE inhibitors,Coded,Yes | No,radio,No,no,PIH:14531,CIEL:1065|CIEL:1066,,PIH:14724
On beta-blockers,Coded,Yes | No,radio,No,no,PIH:14723,CIEL:1065|CIEL:1066,,PIH:14724
On spironolactone,Coded,Yes | No,radio,No,no,PIH:14811,CIEL:1065|CIEL:1066,,PIH:14724
Endocarditis prevention therapy,Coded,Yes | No | Unknown | not indicated,radio,No,Yes → show #hf-fui-endocard-details,PIH:14739,PIH:YES|PIH:NO|PIH:UNKNOWN|PIH:NOT INDICATED,,PIH:14724
Aware and understands the disease,Coded,Yes | No | Unknown,radio,No,Yes → show #hf-fui-aware-details,CIEL:167021,PIH:YES|PIH:NO|PIH:UNKNOWN,,PIH:14724
Disease control,Coded,Controlled | Uncontrolled | Complications,radio,Yes,Not controlled → show #hf-uncontrolled-admit,PIH:11506,PIH:11507|PIH:11508|PIH:11509,Clinical indicators,PIH:14724
Send for admission,Coded,Yes | No | Unknown,radio,No,no,CIEL:1788,PIH:YES|PIH:NO|PIH:UNKNOWN,Clinical indicators,PIH:14724
Patient condition improved,Coded,Yes | No | Unknown,radio,No,Yes → show #hf-fui-improved-details,CIEL:1898,PIH:YES|PIH:NO|PIH:UNKNOWN,,PIH:14724
Refer for surgery evaluation,Coded,Yes | No | Unknown,radio,No,Yes → show #hf-fui-referSurg-details,PIH:14738,PIH:YES|PIH:NO|PIH:UNKNOWN,,PIH:14724
Echocardiogram improvement,Coded,Yes | No | Unknown,radio,No,Yes → show #hf-fui-echoImprov-details,PIH:14740,PIH:YES|PIH:NO|PIH:UNKNOWN,,PIH:14724
"For rheumatic heart disease, on secondary antibiotic prophylaxis",Coded,Yes | No,radio,No,no,PIH:15168,CIEL:1065|CIEL:1066,Clinical indicators,PIH:14724
Hf nyha Classification,Coded,I (No limitations) | II (Comfortable with moderate exercise) | III (Comfortable resting) | IV (Not comfortable resting),radio,Yes,no,PIH:NYHA CLASS,PIH:NYHA CLASS 1|PIH:NYHA CLASS 2|PIH:NYHA CLASS 3|PIH:NYHA CLASS 4,,
Fulfillment status,Coded,Yes | No,radio,No,Completed → show #cardio-ref-details,PIH:Fulfillment status,CIEL:1267|CIEL:160068,Cardiology referral,PIH:6329
Date of cardiology referral,Date,N/A,date,No,no,CIEL:163181,,Cardiology referral,PIH:6329
Cardiac surgery,Coded,Yes | No,radio,No,no,PIH:Scheduled surgery,CIEL:1065|CIEL:1066,Cardiac surgery,PIH:14725
Cardiac surgery,Coded,Cardiac surgery performed,checkbox,No,Cardiothoracic surgery → show #cardiac-surgery-details,CIEL:1651,PIH:7827,Cardiac surgery,CIEL:160714
Surgical procedure,Coded,Mechanical valve replacement | Biological valve replacement | Valvuloplasty,radio,No,no,PIH:7887,PIH:15165|PIH:15166|PIH:15167,Cardiac surgery,CIEL:160714
Date of surgery,Coded,N/A,radio,No,no,CIEL:160715,,Cardiac surgery,CIEL:160714
Surgery complications,Coded,N/A,radio,No,no,CIEL:160716,,Cardiac surgery,CIEL:160714
Remarks,Coded,N/A,radio,No,no,PIH:11973,,,
